{
  "document": {
    "pageListHeight": 110,
    "pageListCollapsed": 0
  },
  "72A1B078-37D6-4AE7-A77F-3D755472F12E": {
    "scrollOrigin": "{-85, -59}",
    "zoomValue": 1.48676104147226
  },
  "600BC81D-804B-4497-BFA2-B18273FF186F": {
    "scrollOrigin": "{461.60879799610092, 194.82999608598021}",
    "zoomValue": 1.90790207053133
  }
}